"Keyword","Trends","Impressions"
"voices tool","[26,31,41,28]","126"
"online text to speech ai","[23,36,67]","126"
"online text to speech reader","[23,38,71]","132"
"free text to speech converter","[23,34,20,25,20,22,20]","164"
"ai voices text to speech","[23,31,24,22,27,21,26,26]","200"
"tts maker text to speech","[24,30,24,29,30,32,34,30]","233"
"google text to speech online","[23,23,22,42,30,35,36,24]","235"
"text to speech indonesia","[34,22,22,21,32,20,26,24,28,24,35]","288"
"turn text into audio","[29,23,21,22,22,34,35,45,26,34,34,23]","348"
"voice ai text to speech","[29,26,44,29,37,34,33,43,20,33,27,26]","381"
"text to ai","[38,36,43,41,32,34,41,25,29,28,20,21,29]","417"
"tts text to speech","[39,31,48,24,28,25,39,30,40,22,39,28,26]","419"
"text to speech ai generator","[54,40,24,21,27,38,38,30,35,33,31,32,57]","460"
"text to voice generator free","[35,44,46,45,51,34,25,41,32,33,27,50]","463"
"online text to speech generator","[34,27,32,53,51,47,42,43,28,48,84]","489"
"tetyys text to speech","[31,27,43,37,32,28,40,40,43,27,46,39,57]","490"
"text to voice free online","[55,36,31,41,38,43,34,23,48,50,35,43,31]","508"
"robot text to speech","[45,45,44,38,50,40,22,28,50,39,33,41,45]","520"
"text to speech generator free","[42,32,49,36,46,39,31,45,55,44,44,39,44]","546"
"convert text to speech","[48,44,47,40,48,25,54,59,38,42,42,38,30]","555"
"word to speech","[40,49,55,40,33,52,44,58,38,46,45,50,28]","578"
"tts free text to speech","[50,21,31,30,36,44,55,54,44,61,65,63,53]","607"
"read aloud text to speech","[48,47,69,39,41,49,49,63,44,37,31,44,46]","607"
"text to speech free ai","[46,33,57,36,37,39,50,50,38,56,78,47,44]","611"
"text to sound","[25,56,40,46,56,65,47,37,50,47,59,49,47]","624"
"free text to voice","[46,50,39,46,54,34,51,61,67,57,51,39,36]","631"
"online text to speech converter","[30,40,45,61,71,69,80,67,44,65,67]","639"
"text to speech.online","[29,20,282,150,91,41,31]","644"
"text to audio generator","[54,63,63,49,63,53,64,36,43,41,44,52,33]","658"
"text to speech voice","[70,59,59,38,39,51,40,39,48,53,41,58,64]","659"
"text to talk","[44,67,39,55,41,65,49,61,54,55,48,50,53]","681"
"convert text to audio","[51,64,54,72,53,50,45,60,40,45,65,45,40]","684"
"text voice","[50,55,45,42,47,48,65,66,73,40,65,58,55]","709"
"natural readers online","[50,67,67,56,47,53,69,76,61,62,38,39,41]","726"
"ai voice text to speech free","[41,62,58,51,52,77,56,57,66,67,43,49,50]","729"
"ai speech","[48,74,64,47,50,65,51,67,60,41,71,58,59]","755"
"free text to voice generator","[83,82,61,54,52,49,70,51,68,45,49,62,66]","792"
"text to speech app","[70,73,48,68,54,52,59,87,53,60,58,69,47]","798"
"online text to speech free","[29,59,59,30,62,77,62,66,61,83,67,71,97]","823"
"text to","[77,71,65,64,48,49,59,63,78,60,77,61,55]","827"
"free ai voice text to speech","[57,60,66,60,65,76,57,77,55,75,68,58,54]","828"
"vbee text to speech","[70,87,52,45,66,83,48,58,50,63,70,69,71]","832"
"voice text to speech","[60,75,61,75,83,68,57,63,45,79,71,74,55]","866"
"read for me","[98,72,72,77,88,57,87,62,55,74,60,50,67]","919"
"voice generator text to speech","[73,72,67,68,59,79,67,78,68,82,81,71,71]","936"
"clipchamp text to speech","[72,96,61,66,69,78,54,117,62,63,66,74,71]","949"
"tts ai","[48,65,73,65,74,89,96,76,95,64,50,66,94]","955"
"online reader","[101,80,67,59,79,75,85,74,61,71,64,75,70]","961"
"narrator voice","[76,89,74,89,67,83,64,75,84,63,59,71,69]","963"
"tts free online","[49,42,44,23,26,59,73,88,111,96,83,132,155]","981"
"quillbot text to speech","[41,38,38,57,58,87,107,80,64,95,147,92,84]","988"
"text to speech converter","[63,78,64,68,89,82,97,90,78,81,62,81,83]","1016"
"free ai text to speech","[104,91,74,82,72,69,70,83,74,71,75,71,87]","1023"
"gemini text to speech","[91,96,100,70,79,67,97,73,79,86,60,66,83]","1047"
"text to voice ai free","[86,89,87,94,79,63,69,97,93,68,121,56,48]","1050"
"text to speak","[97,109,87,111,91,70,96,88,77,80,83,65,77]","1131"
"from text to speech","[95,87,78,105,94,93,102,83,84,97,74,61,79]","1132"
"capcut text to speech","[80,84,119,98,76,86,69,65,94,75,74,110,105]","1135"
"voice aloud reader","[88,109,108,78,86,101,90,103,86,101,68,78,81]","1177"
"sam text to speech","[78,79,108,107,125,76,101,85,73,72,100,75,108]","1187"
"naturalreader text to speech","[83,111,94,95,82,121,108,99,85,77,83,93,57]","1188"
"voice reader","[84,102,96,121,81,92,102,98,105,95,77,62,80]","1195"
"text to audio ai","[115,105,76,72,91,100,87,87,83,68,96,118,99]","1197"
"ki stimmen generator","[111,103,92,111,82,75,103,80,85,101,95,93,67]","1198"
"read text","[110,103,87,87,75,94,123,108,103,83,98,68,85]","1224"
"ai text to voice","[123,94,88,77,95,97,89,96,103,112,76,98,79]","1227"
"text to speech download","[107,110,122,150,127,104,97,88,85,90,62,75,53]","1270"
"text reader free","[116,92,93,127,96,99,132,111,81,76,87,105,80]","1295"
"naturalreader online","[112,96,111,129,94,96,108,112,96,98,85,88,111]","1336"
"text speech","[103,111,142,81,96,95,103,98,118,96,126,107,86]","1362"
"ai voice free","[120,99,111,108,127,130,107,110,104,103,106,94,100]","1419"
"text to speech online free","[97,112,69,90,91,98,119,122,197,135,131,98,101]","1460"
"ai text to speech free","[93,95,106,122,122,112,112,111,129,117,116,143,115]","1493"
"texttospeech","[84,117,124,90,144,88,73,101,130,152,212,107,114]","1536"
"free text to speech ai","[161,141,142,149,118,105,93,105,139,131,102,97,98]","1581"
"eleven labs text to speech","[96,87,113,117,105,132,120,161,141,110,141,134,150]","1607"
"azure text to speech","[109,114,120,121,127,141,162,150,135,127,131,118,109]","1664"
"microsoft text to speech","[111,152,135,110,121,106,107,122,271,126,100,102,106]","1669"
"text to speech google","[124,119,102,135,126,131,116,142,151,181,169,149,143]","1788"
"text to voice converter","[137,131,112,132,146,149,152,150,137,123,103,177,145]","1794"
"text to audio converter","[152,151,130,168,155,128,144,149,119,172,155,121,124]","1868"
"ttsmaker.com","[88,180,119,137,129,117,114,127,162,154,157,197,203]","1884"
"text to speech ai free","[152,179,158,152,148,204,146,158,160,131,124,155,123]","1990"
"text to voice generator","[163,138,151,175,141,157,137,156,175,158,158,183,169]","2061"
"ttsfree.com text to speech","[102,77,78,72,70,109,191,227,301,286,202,180,176]","2071"
"voicertool","[176,135,123,143,110,123,175,220,227,215,197,204,137]","2185"
"tts tool","[125,101,151,137,144,113,130,129,128,270,376,198,201]","2203"
"text to audio free","[163,206,147,168,163,164,157,194,171,162,185,182,176]","2238"
"narakeet text to speech","[151,145,287,173,182,138,162,195,160,168,147,149,203]","2260"
"speechgen","[133,129,141,139,131,163,198,223,197,277,202,215,188]","2336"
"free tts","[176,177,182,185,221,175,202,202,211,168,162,161,132]","2354"
"ai speaker","[134,178,213,199,164,202,186,205,165,151,205,186,167]","2355"
"texto a audio","[155,150,176,178,129,211,225,206,154,191,167,241,185]","2368"
"luvvoice text to speech","[182,197,203,735,177,183,130,90,83,120,110,95,77]","2382"
"ttsmaker free text to speech","[158,188,206,127,160,174,170,168,183,205,208,234,204]","2385"
"read out loud text","[230,196,197,225,188,184,234,166,158,184,178,151,137]","2428"
"text to speech reader","[166,230,203,221,165,196,192,202,228,174,143,202,159]","2481"
"free text to speech generator","[195,172,180,188,197,200,169,211,233,142,156,253,187]","2483"
"free text to speech online","[242,249,158,165,182,222,161,184,150,249,203,175,144]","2484"
"elevenlabs text to speech","[163,188,265,240,255,181,234,253,211,196,181,190,141]","2698"
"text-to-speech","[213,205,207,196,201,200,228,231,251,217,209,181,195]","2734"
"text to speech free online","[208,267,243,251,225,241,249,245,195,191,127,229,152]","2823"
"text to voice free","[225,227,229,233,231,231,221,245,248,189,206,209,193]","2887"
"natural reader text to speech","[212,223,256,296,242,196,244,232,230,226,192,157,202]","2908"
"text to voice ai","[256,243,230,249,252,202,221,230,225,221,233,190,181]","2933"
"read to me","[330,300,262,273,255,241,268,262,258,232,218,206,189]","3294"
"ttsfree","[328,393,331,302,321,305,249,269,222,190,138,182,143]","3373"
"tts free","[453,501,414,397,378,320,186,222,220,199,155,169,157]","3771"
"read text aloud","[339,295,331,324,271,277,306,329,288,299,299,247,236]","3841"
"tts reader","[303,336,257,356,298,285,333,360,352,304,297,298,286]","4065"
"text to speech generator","[476,362,325,390,366,326,312,304,315,313,305,283,318]","4395"
"voice maker","[365,397,372,345,358,365,337,381,322,367,369,361,373]","4712"
"google ai studio text to speech","[348,404,245,244,318,390,620,588,490,376,307,284,354]","4968"
"google text-to-speech","[432,378,439,487,428,483,487,479,450,404,309,256,270]","5302"
"lector","[462,462,454,434,337,374,420,407,368,370,431,400,388]","5307"
"voicemaker","[495,470,419,448,351,376,432,491,430,447,333,331,296]","5319"
"read aloud text","[528,512,475,412,382,430,468,504,513,533,432,451,414]","6054"
"read out loud","[473,472,454,503,433,424,458,496,507,518,445,467,413]","6063"
"ai reader","[524,542,494,492,458,445,471,498,533,484,479,429,410]","6259"
"google text to speech","[537,447,416,519,458,553,594,601,611,498,401,408,370]","6413"
"ai text to speech","[509,583,531,514,480,552,585,516,499,501,448,502,410]","6630"
"voice generator","[512,501,526,543,549,500,451,537,510,543,508,510,544]","6734"
"voice over","[521,534,511,452,457,497,533,531,521,556,586,582,471]","6752"
"tts online","[626,573,582,571,415,443,427,504,597,571,543,557,349]","6758"
"ai voice text to speech","[544,561,577,589,567,542,565,568,579,540,505,506,548]","7191"
"text reader","[697,661,633,562,513,557,609,592,536,559,524,492,481]","7416"
"text to audio","[782,686,620,638,592,651,651,648,668,692,714,684,601]","8627"
"text to speech ai","[828,784,777,880,762,740,688,702,658,721,739,677,598]","9554"
"text to speech online","[480,512,431,397,358,361,376,366,2679,1780,954,795,715]","10204"
"texto a voz","[747,945,789,724,552,779,981,957,765,809,824,846,849]","10567"
"free text to speech","[950,871,809,793,740,744,693,883,858,1099,1009,913,818]","11180"
"ttsreader","[933,949,939,1025,840,882,1004,1017,873,987,849,826,751]","11875"
"tts maker","[992,1039,847,912,919,910,1053,1140,1037,1212,1134,1131,1052]","13378"
"text to voice","[1234,1198,1086,1300,1264,1150,1126,1224,1225,1154,1131,1193,1027]","15312"
"ai voice","[1612,1554,1551,1575,1516,1529,1473,1475,1459,1603,1493,1511,1439]","19790"
"text to speech free","[2394,2592,2342,2307,2042,2180,2120,2001,2113,2103,2181,2067,1949]","28391"
"luvvoice","[1890,2226,2225,6592,1888,1873,1721,1705,1652,1728,1621,1765,1711]","28597"
"ai voice generator","[2616,2489,2465,2539,2630,2539,2587,2681,2739,2636,2531,2557,2571]","33580"
"文字转语音","[2520,2798,3171,2991,2714,2827,2987,3060,2461,2804,2703,2926,2789]","36751"
"read aloud","[3100,3092,2887,2998,2665,2846,3179,3335,3488,3307,3115,3129,2602]","39743"
"speech","[4138,4045,3892,3912,3538,3746,4118,4077,3652,4058,4096,4049,3727]","51048"
"reader","[4364,4824,4333,4272,3686,3974,4160,4172,3604,3687,4035,3869,3769]","52749"
"ttsmaker","[7156,8227,8629,8468,8251,8574,9466,9352,7545,7893,8745,9588,8918]","110812"
"voice","[9327,9073,8953,8871,9125,8823,9065,8491,8416,8498,8771,8765,8143]","114321"
"tts","[10027,10010,9952,10147,8534,8204,9351,10590,10198,9165,10087,9996,7736]","123997"
"online text to speech","[10405,45489,31791,10408,46907,67399,68975,69744,67854,67184,41677,66355,96923]","691111"
